statename,state_fips,CensusRegion,year,DRIVERSLICENSES,INSTATETUITION,STATEFINANCIALAID,HIGHEREDBAN,EVERIFY,LIMITEVERIFY,OMNIBUS,TASK287G,JAIL287G,SECURECOMMUNITIES,LFPR,UNEMP
Alabama,01,South,2006,0,0,0,0,0,0,0,2,0,0,61.6083333333333,4
Alabama,01,South,2007,0,0,0,0,0,0,0,2,0,0,61.2833333333333,4.04166666666667
Alabama,01,South,2008,0,0,0,0,0,0,0,2,0,0,60.6166666666667,5.88333333333333
Alabama,01,South,2009,0,0,0,0,0,0,0,2,0,0,59.5666666666667,10.0833333333333
Alabama,01,South,2010,0,0,0,0,0,0,0,2,0,0,59.5083333333334,10.375
Alabama,01,South,2011,0,0,0,1,2,0,1,2,0,1,59.1166666666667,9.58333333333333
Alabama,01,South,2012,0,0,0,1,2,0,1,0,0,1,58.1666666666667,8.15833333333333
Alabama,01,South,2013,0,0,0,1,2,0,1,0,0,1,57.725,7.325
Alabama,01,South,2014,0,0,0,1,2,0,1,0,0,1,57.225,6.73333333333333
Alabama,01,South,2015,0,0,0,1,2,0,1,0,0,0,56.65,6.125
Alabama,01,South,2016,0,0,0,1,2,0,1,0,0,0,56.4916666666667,5.90833333333333
Alaska,02,West,2006,0,0,0,0,0,0,0,0,0,0,71.1666666666667,6.63333333333333
Alaska,02,West,2007,0,0,0,0,0,0,0,0,0,0,70.625,6.25833333333333
Alaska,02,West,2008,0,0,0,0,0,0,0,0,0,0,70.8416666666667,6.475
Alaska,02,West,2009,0,0,0,0,0,0,0,0,0,0,70.2416666666667,7.98333333333333
Alaska,02,West,2010,0,0,0,0,0,0,0,0,0,0,69.7416666666667,8.13333333333333
Alaska,02,West,2011,0,0,0,0,0,0,0,0,0,0,68.9416666666667,7.73333333333333
Alaska,02,West,2012,0,0,0,0,0,0,0,0,0,1,68.075,7.25
Alaska,02,West,2013,0,0,0,0,0,0,0,0,0,1,67.5333333333333,6.99166666666667
Alaska,02,West,2014,0,0,0,0,0,0,0,0,0,1,67.4166666666667,6.74166666666667
Alaska,02,West,2015,0,0,0,0,0,0,0,0,0,0,66.7583333333333,6.275
Alaska,02,West,2016,0,0,0,0,0,0,0,0,0,0,66.25,6.6
Arizona,04,West,2006,0,0,0,0,0,0,0,2,2,0,64.15,4.30833333333333
Arizona,04,West,2007,0,0,0,0,2,0,0,2,2,0,63.4166666666667,3.75
Arizona,04,West,2008,0,0,0,0,2,0,0,2,2,1,63.5833333333333,5.79166666666667
Arizona,04,West,2009,0,0,0,0,2,0,0,2,2,1,63.2166666666667,9.66666666666667
Arizona,04,West,2010,0,0,0,0,2,0,1,2,2,1,63.2333333333333,10.3
Arizona,04,West,2011,0,0,0,0,2,0,1,2,2,1,61.9666666666667,9.43333333333333
Arizona,04,West,2012,0,0,0,0,2,0,1,0,2,1,61.0166666666667,8.35
Arizona,04,West,2013,0,0,0,0,2,0,1,0,2,1,60.2666666666667,7.81666666666667
Arizona,04,West,2014,0,0,0,0,2,0,1,0,2,1,60.225,6.79166666666667
Arizona,04,West,2015,0,0,0,0,2,0,1,0,2,0,60.3583333333333,6.075
Arizona,04,West,2016,0,0,0,0,2,0,1,0,2,0,60.4083333333333,5.48333333333333
Arkansas,05,South,2006,0,0,0,0,0,0,0,0,0,0,62.8416666666667,5.25
Arkansas,05,South,2007,0,0,0,0,0,0,0,1,1,0,62.3583333333334,5.39166666666667
Arkansas,05,South,2008,0,0,0,0,0,0,0,1,1,0,62.1166666666667,5.44166666666667
Arkansas,05,South,2009,0,0,0,0,0,0,0,1,1,0,61.4083333333333,7.725
Arkansas,05,South,2010,0,0,0,0,0,0,0,1,1,1,60.6416666666667,7.85833333333333
Arkansas,05,South,2011,0,0,0,0,0,0,0,1,1,1,60.225,7.90833333333333
Arkansas,05,South,2012,0,0,0,0,0,0,0,1,1,1,59.55,7.26666666666667
Arkansas,05,South,2013,0,0,0,0,0,0,0,0,1,1,58.4916666666667,7.04166666666667
Arkansas,05,South,2014,0,0,0,0,0,0,0,0,1,1,58.0583333333334,5.9
Arkansas,05,South,2015,0,0,0,0,0,0,0,0,1,0,58.2583333333334,4.95
Arkansas,05,South,2016,0,0,0,0,0,0,0,0,1,0,58.125,3.98333333333333
California,06,West,2006,0,1,0,0,0,0,0,0,1,0,65.3833333333333,4.91666666666667
California,06,West,2007,0,1,0,0,0,0,0,0,1,0,65.6666666666667,5.30833333333333
California,06,West,2008,0,1,0,0,0,0,0,0,1,0,65.8583333333333,7.3
California,06,West,2009,0,1,0,0,0,0,0,0,1,1,65.525,11.5416666666667
California,06,West,2010,0,1,0,0,0,0,0,0,1,1,64.375,12.4583333333333
California,06,West,2011,0,1,1,0,0,1,0,0,1,1,63.575,11.8916666666667
California,06,West,2012,0,1,1,0,0,1,0,0,1,1,63.1,10.525
California,06,West,2013,1,1,1,0,0,1,0,0,1,1,62.675,9.03333333333333
California,06,West,2014,1,1,1,0,0,1,0,0,1,1,62.3333333333333,7.56666666666667
California,06,West,2015,1,1,1,0,0,1,0,0,1,0,62.1583333333333,6.225
California,06,West,2016,1,1,1,0,0,1,0,0,1,0,62.1916666666667,5.51666666666667
Colorado,08,West,2006,0,0,0,0,1,0,0,0,0,0,72.9166666666667,4.275
Colorado,08,West,2007,0,0,0,0,1,0,0,2,0,0,72.8,3.7
Colorado,08,West,2008,0,0,0,0,1,0,0,2,0,0,72.6,4.875
Colorado,08,West,2009,0,0,0,0,1,0,0,2,0,0,71.1666666666667,7.875
Colorado,08,West,2010,0,0,0,0,1,0,0,2,0,0,70.15,9.14166666666667
Colorado,08,West,2011,0,0,0,0,1,0,0,2,0,1,69.55,8.69166666666667
Colorado,08,West,2012,0,0,0,0,1,0,0,2,0,1,68.875,8
Colorado,08,West,2013,1,1,0,0,1,0,0,0,0,1,68.0583333333333,6.75
Colorado,08,West,2014,1,1,0,0,1,0,0,0,0,1,67.6,4.98333333333333
Colorado,08,West,2015,1,1,0,0,1,0,0,0,0,0,66.7333333333333,3.74166666666667
Colorado,08,West,2016,1,1,0,0,1,0,0,0,0,0,66.9333333333333,3.13333333333333
Connecticut,09,Northeast,2006,0,0,0,0,0,0,0,0,0,0,67.9583333333333,4.425
Connecticut,09,Northeast,2007,0,0,0,0,0,0,0,0,0,0,68.5583333333333,4.45
Connecticut,09,Northeast,2008,0,0,0,0,0,0,0,0,0,0,68.8666666666667,5.65
Connecticut,09,Northeast,2009,0,0,0,0,0,0,0,0,0,0,68.75,8.325
Connecticut,09,Northeast,2010,0,0,0,0,0,0,0,0,0,1,68.2916666666667,9.55833333333333
Connecticut,09,Northeast,2011,0,1,0,0,0,0,0,0,0,1,67.6666666666667,9.01666666666667
Connecticut,09,Northeast,2012,0,1,0,0,0,0,0,0,0,1,66.35,8.35833333333333
Connecticut,09,Northeast,2013,1,1,0,0,0,0,0,0,0,1,65.3916666666667,7.95
Connecticut,09,Northeast,2014,1,1,0,0,0,0,0,0,0,1,65.8666666666667,6.61666666666667
Connecticut,09,Northeast,2015,1,1,0,0,0,0,0,0,0,0,65.8666666666667,5.61666666666667
Connecticut,09,Northeast,2016,1,1,0,0,0,0,0,0,0,0,65.8666666666667,4.86666666666667
Delaware,10,South,2006,0,0,0,0,0,0,0,0,0,0,67.4166666666667,3.90833333333333
Delaware,10,South,2007,0,0,0,0,0,0,0,0,0,0,66.675,3.60833333333333
Delaware,10,South,2008,0,0,0,0,0,0,0,0,0,0,66.4,5.03333333333333
Delaware,10,South,2009,0,0,0,0,0,0,0,0,2,0,63.9,8.34166666666667
Delaware,10,South,2010,0,0,0,0,0,0,0,0,2,1,62.2416666666667,8.65833333333334
Delaware,10,South,2011,0,0,0,0,0,0,0,0,2,1,62.3666666666667,7.60833333333333
Delaware,10,South,2012,0,0,0,0,0,0,0,0,0,1,62.0166666666667,7.06666666666667
Delaware,10,South,2013,0,0,0,0,0,0,0,0,0,1,60.9666666666667,6.60833333333333
Delaware,10,South,2014,0,0,0,0,0,0,0,0,0,1,61.4,5.60833333333333
Delaware,10,South,2015,1,0,0,0,0,0,0,0,0,0,62.0416666666667,4.79166666666667
Delaware,10,South,2016,1,0,0,0,0,0,0,0,0,0,62.1583333333333,4.525
District of Columbia,11,South,2006,0,0,0,0,0,0,0,0,0,0,68.175,6.325
District of Columbia,11,South,2007,0,0,0,0,0,0,0,0,0,0,68.975,5.95
District of Columbia,11,South,2008,0,0,0,0,0,0,0,0,0,0,70.05,6.85
District of Columbia,11,South,2009,0,0,0,0,0,0,0,0,0,0,69.55,10
District of Columbia,11,South,2010,0,0,0,0,0,0,0,0,0,0,68.975,9.95
District of Columbia,11,South,2011,0,0,0,0,0,0,0,0,0,0,68.1333333333333,10.1916666666667
District of Columbia,11,South,2012,0,0,0,0,0,0,0,0,0,1,69.1333333333333,8.975
District of Columbia,11,South,2013,1,0,0,0,0,0,0,0,0,1,69.4333333333333,8.43333333333333
District of Columbia,11,South,2014,1,0,0,0,0,0,0,0,0,1,69.3083333333333,7.70833333333333
District of Columbia,11,South,2015,1,0,0,0,0,0,0,0,0,0,69.7,6.91666666666667
District of Columbia,11,South,2016,1,0,0,0,0,0,0,0,0,0,69.9416666666667,6.23333333333333
Florida,12,South,2006,0,0,0,0,0,0,0,2,0,0,63.0416666666667,2.46666666666667
Florida,12,South,2007,0,0,0,0,0,0,0,2,0,0,63.5666666666667,3.3
Florida,12,South,2008,0,0,0,0,0,0,0,2,0,0,63.25,5.69166666666667
Florida,12,South,2009,0,0,0,0,0,0,0,2,0,1,61.625,9.55833333333333
Florida,12,South,2010,0,0,0,0,0,0,0,2,0,1,61.225,10.825
Florida,12,South,2011,0,0,0,0,1,0,0,2,0,1,60.8833333333334,10
Florida,12,South,2012,0,0,0,0,1,0,0,2,0,1,60.4833333333333,8.66666666666667
Florida,12,South,2013,0,0,0,0,1,0,0,0,0,1,60.1,7.53333333333333
Florida,12,South,2014,0,1,0,0,1,0,0,0,0,1,59.8666666666667,6.43333333333333
Florida,12,South,2015,0,1,0,0,1,0,0,0,0,0,59.2666666666667,5.525
Florida,12,South,2016,0,1,0,0,1,0,0,0,0,0,59.2416666666667,4.91666666666667
Georgia,13,South,2006,0,0,0,0,1,0,0,0,0,0,68.1666666666667,5.075
Georgia,13,South,2007,0,0,0,0,1,0,0,2,1,0,68.0166666666667,4.90833333333333
Georgia,13,South,2008,0,0,0,0,1,0,0,2,1,0,67.5916666666667,6.78333333333333
Georgia,13,South,2009,0,0,0,0,1,0,0,2,1,1,65.65,10.4083333333333
Georgia,13,South,2010,0,0,0,1,1,0,0,2,1,1,64.3,10.6583333333333
Georgia,13,South,2011,0,0,0,1,2,0,1,2,1,1,64.2,10.1583333333333
Georgia,13,South,2012,0,0,0,1,2,0,1,2,1,1,63.8166666666667,9.04166666666667
Georgia,13,South,2013,0,0,0,1,2,0,1,0,1,1,62.8583333333333,8.14166666666667
Georgia,13,South,2014,0,0,0,1,2,0,1,0,1,1,62.025,7.14166666666667
Georgia,13,South,2015,0,0,0,1,2,0,1,0,1,0,60.9916666666667,6.075
Georgia,13,South,2016,0,0,0,1,2,0,1,0,1,0,62.4166666666667,5.46666666666667
Hawaii,15,West,2006,0,0,0,0,0,0,0,0,0,0,66.15,2.55
Hawaii,15,West,2007,0,0,0,0,0,0,0,0,0,0,65.7583333333333,2.725
Hawaii,15,West,2008,0,0,0,0,0,0,0,0,0,0,65.7833333333333,4.03333333333333
Hawaii,15,West,2009,0,0,0,0,0,0,0,0,0,0,64.3916666666667,6.65833333333333
Hawaii,15,West,2010,0,0,0,0,0,0,0,0,0,1,62.9666666666667,6.825
Hawaii,15,West,2011,0,0,0,0,0,0,0,0,0,1,62.5666666666667,6.83333333333333
Hawaii,15,West,2012,0,0,0,0,0,0,0,0,0,1,61.05,5.9
Hawaii,15,West,2013,0,1,1,0,0,0,0,0,0,1,60.6166666666667,4.75833333333334
Hawaii,15,West,2014,0,1,1,0,0,0,0,0,0,1,61.4833333333333,4.23333333333333
Hawaii,15,West,2015,1,1,1,0,0,0,0,0,0,0,61.7166666666667,3.41666666666667
Hawaii,15,West,2016,1,1,1,0,0,0,0,0,0,0,62.1166666666667,2.89166666666667
Idaho,16,West,2006,0,0,0,0,0,0,0,0,0,0,68.5083333333333,3.425
Idaho,16,West,2007,0,0,0,0,0,0,0,0,0,0,67.8833333333333,3.025
Idaho,16,West,2008,0,0,0,0,0,0,0,0,0,0,67.0083333333334,5.03333333333333
Idaho,16,West,2009,0,0,0,0,0,0,0,0,0,0,66.4083333333333,8.70833333333333
Idaho,16,West,2010,0,0,0,0,0,0,0,0,0,1,65.4083333333333,8.75833333333333
Idaho,16,West,2011,0,0,0,0,0,0,0,0,0,1,64.8,8.16666666666667
Idaho,16,West,2012,0,0,0,0,0,0,0,0,0,1,64.7083333333333,7.4
Idaho,16,West,2013,0,0,0,0,0,0,0,0,0,1,64.35,6.81666666666667
Idaho,16,West,2014,0,0,0,0,0,0,0,0,0,1,63.3583333333333,4.38333333333333
Idaho,16,West,2015,0,0,0,0,0,0,0,0,0,0,63.7833333333333,3.86666666666667
Idaho,16,West,2016,0,0,0,0,0,0,0,0,0,0,63.8083333333334,3.675
Illinois,17,Midwest,2006,0,1,0,0,0,0,0,0,0,0,67.3333333333333,4.6
Illinois,17,Midwest,2007,0,1,0,0,0,1,0,0,0,0,68.1416666666667,5.06666666666667
Illinois,17,Midwest,2008,0,1,0,0,0,1,0,0,0,0,67.8083333333333,6.50833333333333
Illinois,17,Midwest,2009,0,1,0,0,0,1,0,0,0,1,66.8583333333334,10.1833333333333
Illinois,17,Midwest,2010,0,1,0,0,0,1,0,0,0,1,66.7416666666667,10.4666666666667
Illinois,17,Midwest,2011,0,1,0,0,0,1,0,0,0,1,66.0166666666667,9.75833333333333
Illinois,17,Midwest,2012,0,1,0,0,0,1,0,0,0,1,65.8833333333333,9.05
Illinois,17,Midwest,2013,1,1,0,0,0,1,0,0,0,1,65.4,9.075
Illinois,17,Midwest,2014,1,1,0,0,0,1,0,0,0,1,64.8333333333333,7.16666666666667
Illinois,17,Midwest,2015,1,1,0,0,0,1,0,0,0,0,64.7916666666667,5.99166666666667
Illinois,17,Midwest,2016,1,1,0,0,0,1,0,0,0,0,65.2916666666667,5.88333333333333
Indiana,18,Midwest,2006,0,0,0,0,0,0,0,0,0,0,67.4666666666667,5
Indiana,18,Midwest,2007,0,0,0,0,0,0,0,0,0,0,66.25,4.625
Indiana,18,Midwest,2008,0,0,0,0,0,0,0,0,0,0,66.6,5.94166666666667
Indiana,18,Midwest,2009,0,0,0,0,0,0,0,0,0,0,65.55,10.4333333333333
Indiana,18,Midwest,2010,0,0,0,0,0,0,0,0,0,0,64,10.0833333333333
Indiana,18,Midwest,2011,0,0,0,0,1,0,1,0,0,1,63.7333333333333,8.90833333333333
Indiana,18,Midwest,2012,0,0,0,0,1,0,1,0,0,1,63.05,8.225
Indiana,18,Midwest,2013,0,0,0,0,1,0,1,0,0,1,63.0583333333334,7.5
Indiana,18,Midwest,2014,0,0,0,0,1,0,1,0,0,1,63.3916666666667,5.95
Indiana,18,Midwest,2015,0,0,0,0,1,0,1,0,0,0,63.8416666666667,4.78333333333333
Indiana,18,Midwest,2016,0,0,0,0,1,0,1,0,0,0,64.7333333333333,4.36666666666667
Iowa,19,Midwest,2006,0,0,0,0,0,0,0,0,0,0,72.2583333333333,3.7
Iowa,19,Midwest,2007,0,0,0,0,0,0,0,0,0,0,72.0833333333334,3.71666666666667
Iowa,19,Midwest,2008,0,0,0,0,0,0,0,0,0,0,72.5416666666667,4.18333333333333
Iowa,19,Midwest,2009,0,0,0,0,0,0,0,0,0,0,71.8833333333333,6.4
Iowa,19,Midwest,2010,0,0,0,0,0,0,0,0,0,1,71,6.11666666666667
Iowa,19,Midwest,2011,0,0,0,0,0,0,0,0,0,1,70.3,5.65
Iowa,19,Midwest,2012,0,0,0,0,0,0,0,0,0,1,69.4916666666667,5.05833333333333
Iowa,19,Midwest,2013,0,0,0,0,0,0,0,0,0,1,69.725,4.725
Iowa,19,Midwest,2014,0,0,0,0,0,0,0,0,0,1,70.2083333333333,4.225
Iowa,19,Midwest,2015,0,0,0,0,0,0,0,0,0,0,69.9333333333333,3.69166666666667
Iowa,19,Midwest,2016,0,0,0,0,0,0,0,0,0,0,69.7166666666667,3.575
Kansas,20,Midwest,2006,0,1,0,0,0,0,0,0,0,0,70.575,4.425
Kansas,20,Midwest,2007,0,1,0,0,0,0,0,0,0,0,70.8583333333333,4.23333333333333
Kansas,20,Midwest,2008,0,1,0,0,0,0,0,0,0,0,70.7666666666667,4.60833333333333
Kansas,20,Midwest,2009,0,1,0,0,0,0,0,0,0,0,71.0833333333333,6.89166666666667
Kansas,20,Midwest,2010,0,1,0,0,0,0,0,0,0,1,69.825,6.93333333333333
Kansas,20,Midwest,2011,0,1,0,0,0,0,0,0,0,1,69.2833333333334,6.38333333333333
Kansas,20,Midwest,2012,0,1,0,0,0,0,0,0,0,1,68.575,5.71666666666667
Kansas,20,Midwest,2013,0,1,0,0,0,0,0,0,0,1,68.225,5.3
Kansas,20,Midwest,2014,0,1,0,0,0,0,0,0,0,1,68.0916666666667,4.50833333333333
Kansas,20,Midwest,2015,0,1,0,0,0,0,0,0,0,0,67.7666666666667,4.15
Kansas,20,Midwest,2016,0,1,0,0,0,0,0,0,0,0,67.375,4.01666666666667
Kentucky,21,South,2006,0,1,0,0,0,0,0,0,0,0,62.4333333333333,5.725
Kentucky,21,South,2007,0,1,0,0,0,0,0,0,0,0,62.15,5.36666666666667
Kentucky,21,South,2008,0,1,0,0,0,0,0,0,0,0,61.65,6.525
Kentucky,21,South,2009,0,1,0,0,0,0,0,0,0,0,62.0416666666667,10.7666666666667
Kentucky,21,South,2010,0,1,0,0,0,0,0,0,0,1,61.6166666666667,10.2666666666667
Kentucky,21,South,2011,0,1,0,0,0,0,0,0,0,1,61.1416666666667,9.375
Kentucky,21,South,2012,0,1,0,0,0,0,0,0,0,1,60.7833333333333,8.2
Kentucky,21,South,2013,0,1,0,0,0,0,0,0,0,1,60.2916666666667,7.91666666666667
Kentucky,21,South,2014,0,1,0,0,0,0,0,0,0,1,58.5333333333333,6.41666666666667
Kentucky,21,South,2015,0,1,0,0,0,0,0,0,0,0,57.4833333333334,5.23333333333333
Kentucky,21,South,2016,0,1,0,0,0,0,0,0,0,0,58.2583333333334,5.03333333333333
Louisiana,22,South,2006,0,0,0,0,0,0,0,0,0,0,62.5916666666667,4.13333333333333
Louisiana,22,South,2007,0,0,0,0,0,0,0,0,0,0,61.625,4.09166666666667
Louisiana,22,South,2008,0,0,0,0,0,0,0,0,0,0,61.5916666666667,4.66666666666667
Louisiana,22,South,2009,0,0,0,0,0,0,0,0,0,1,61.0416666666667,6.79166666666667
Louisiana,22,South,2010,0,0,0,0,0,0,0,0,0,1,60.6583333333333,7.51666666666667
Louisiana,22,South,2011,0,0,0,0,1,0,0,0,0,1,59.8083333333333,7.43333333333333
Louisiana,22,South,2012,0,0,0,0,1,0,0,0,0,1,59.6833333333334,6.76666666666667
Louisiana,22,South,2013,0,0,0,0,1,0,0,0,0,1,59.6083333333333,6.41666666666667
Louisiana,22,South,2014,0,0,0,0,1,0,0,0,0,1,60.375,6.25
Louisiana,22,South,2015,0,0,0,0,1,0,0,0,0,0,60.2833333333333,6.29166666666667
Louisiana,22,South,2016,0,0,0,0,1,0,0,0,0,0,59.2666666666667,6.06666666666667
Maine,23,Northeast,2006,0,0,0,0,0,0,0,0,0,0,66.7166666666667,4.71666666666667
Maine,23,Northeast,2007,0,0,0,0,0,0,0,0,0,0,66.2083333333333,4.69166666666667
Maine,23,Northeast,2008,0,0,0,0,0,0,0,0,0,0,66.075,5.4
Maine,23,Northeast,2009,0,0,0,0,0,0,0,0,0,0,65.5166666666667,8.39166666666667
Maine,23,Northeast,2010,0,0,0,0,0,0,0,0,0,0,65.025,8.41666666666667
Maine,23,Northeast,2011,0,0,0,0,0,0,0,0,0,0,64.7583333333333,7.725
Maine,23,Northeast,2012,0,0,0,0,0,0,0,0,0,1,64.7416666666667,7.19166666666667
Maine,23,Northeast,2013,0,0,0,0,0,0,0,0,0,1,64.9,6.68333333333333
Maine,23,Northeast,2014,0,0,0,0,0,0,0,0,0,1,64.0833333333333,5.55833333333333
Maine,23,Northeast,2015,0,0,0,0,0,0,0,0,0,0,63.0416666666667,4.38333333333333
Maine,23,Northeast,2016,0,0,0,0,0,0,0,0,0,0,63.3916666666667,3.775
Maryland,24,South,2006,0,0,0,0,0,0,0,0,0,0,69.4916666666667,4.175
Maryland,24,South,2007,0,0,0,0,0,0,0,0,0,0,69.1166666666667,3.73333333333333
Maryland,24,South,2008,0,0,0,0,0,0,0,0,0,0,69.5,4.525
Maryland,24,South,2009,0,0,0,0,0,0,0,0,0,1,69.3666666666667,7.55
Maryland,24,South,2010,0,0,0,0,0,0,0,0,0,1,68.6,7.825
Maryland,24,South,2011,0,1,0,0,0,0,0,0,0,1,68.0083333333333,7.31666666666667
Maryland,24,South,2012,0,1,0,0,0,0,0,0,0,1,67.8333333333333,6.86666666666667
Maryland,24,South,2013,1,1,0,0,0,0,0,0,0,1,67.4583333333333,6.51666666666667
Maryland,24,South,2014,1,1,0,0,0,0,0,0,0,1,66.9,5.73333333333333
Maryland,24,South,2015,1,1,0,0,0,0,0,0,0,0,66.8333333333333,4.99166666666667
Maryland,24,South,2016,1,1,0,0,0,0,0,0,0,0,66.925,4.29166666666667
Massachusetts,25,Northeast,2006,0,0,0,0,0,0,0,0,0,0,66.9916666666667,4.7
Massachusetts,25,Northeast,2007,0,0,0,0,0,0,0,0,2,0,66.8666666666667,4.51666666666667
Massachusetts,25,Northeast,2008,0,0,0,0,0,0,0,0,2,1,66.85,5.33333333333333
Massachusetts,25,Northeast,2009,0,0,0,0,0,0,0,0,2,1,66.3,8.075
Massachusetts,25,Northeast,2010,0,0,0,0,0,0,0,0,2,1,66.2333333333334,8.05833333333333
Massachusetts,25,Northeast,2011,0,0,0,0,0,0,0,0,2,1,65.8,7.225
Massachusetts,25,Northeast,2012,0,0,0,0,0,0,0,0,2,1,65.525,6.7
Massachusetts,25,Northeast,2013,0,0,0,0,0,0,0,0,2,1,65.05,6.64166666666667
Massachusetts,25,Northeast,2014,0,0,0,0,0,0,0,0,2,1,65.35,5.74166666666667
Massachusetts,25,Northeast,2015,0,0,0,0,0,0,0,0,2,0,65.2166666666667,4.79166666666667
Massachusetts,25,Northeast,2016,0,0,0,0,0,0,0,0,2,0,65.25,4.04166666666667
Michigan,26,Midwest,2006,0,0,0,0,0,0,0,0,0,0,65.125,7.03333333333333
Michigan,26,Midwest,2007,0,0,0,0,0,0,0,0,0,0,64.2416666666667,7.08333333333333
Michigan,26,Midwest,2008,0,0,0,0,0,0,0,0,0,0,63.2583333333333,8.21666666666667
Michigan,26,Midwest,2009,0,0,0,0,0,0,0,0,0,1,62.5583333333333,13.1333333333333
Michigan,26,Midwest,2010,0,0,0,0,0,0,0,0,0,1,61.4333333333333,12.1916666666667
Michigan,26,Midwest,2011,0,0,0,0,0,0,0,0,0,1,60.2,10.0083333333333
Michigan,26,Midwest,2012,0,0,0,0,1,0,0,0,0,1,60.1333333333333,9.05833333333333
Michigan,26,Midwest,2013,0,1,0,0,1,0,0,0,0,1,60.5333333333333,8.725
Michigan,26,Midwest,2014,0,1,0,0,1,0,0,0,0,1,60.5416666666667,7.23333333333333
Michigan,26,Midwest,2015,0,1,0,0,1,0,0,0,0,0,60.3666666666667,5.425
Michigan,26,Midwest,2016,0,1,0,0,1,0,0,0,0,0,61.25,5.00833333333333
Minnesota,27,Midwest,2006,0,0,0,0,0,0,0,0,0,0,72.7583333333334,4.05833333333333
Minnesota,27,Midwest,2007,0,0,0,0,0,0,0,0,0,0,72.2333333333333,4.58333333333333
Minnesota,27,Midwest,2008,0,0,0,0,1,0,0,2,0,0,71.9666666666667,5.43333333333333
Minnesota,27,Midwest,2009,0,0,0,0,1,0,0,2,0,0,71.8,7.90833333333334
Minnesota,27,Midwest,2010,0,0,0,0,1,0,0,2,0,0,71.45,7.39166666666667
Minnesota,27,Midwest,2011,0,0,0,0,1,0,0,2,0,0,71.1166666666667,6.525
Minnesota,27,Midwest,2012,0,0,0,0,1,0,0,0,0,1,70.5083333333333,5.65
Minnesota,27,Midwest,2013,0,1,1,0,1,0,0,0,0,1,70.2,5.04166666666667
Minnesota,27,Midwest,2014,0,1,1,0,1,0,0,0,0,1,70.075,4.26666666666667
Minnesota,27,Midwest,2015,0,1,1,0,1,0,0,0,0,0,70.1833333333334,3.79166666666667
Minnesota,27,Midwest,2016,0,1,1,0,1,0,0,0,0,0,70.025,3.875
Mississippi,28,South,2006,0,0,0,0,0,0,0,0,0,0,59.6,6.375
Mississippi,28,South,2007,0,0,0,0,0,0,0,0,0,0,59.5916666666667,6.15
Mississippi,28,South,2008,0,0,0,0,2,0,0,0,0,0,59.15,6.70833333333333
Mississippi,28,South,2009,0,0,0,0,2,0,0,0,0,0,57.6916666666667,9.35833333333333
Mississippi,28,South,2010,0,0,0,0,2,0,0,0,0,1,58.7416666666667,10.0833333333333
Mississippi,28,South,2011,0,0,0,0,2,0,0,0,0,1,59.9583333333333,9.775
Mississippi,28,South,2012,0,0,0,0,2,0,0,0,0,1,59.0333333333333,8.825
Mississippi,28,South,2013,0,0,0,0,2,0,0,0,0,1,56.275,8.49166666666667
Mississippi,28,South,2014,0,0,0,0,2,0,0,0,0,1,54.725,7.59166666666667
Mississippi,28,South,2015,0,0,0,0,2,0,0,0,0,0,55.2833333333333,6.48333333333333
Mississippi,28,South,2016,0,0,0,0,2,0,0,0,0,0,55.6666666666667,5.96666666666667
Missouri,29,Midwest,2006,0,0,0,0,0,0,0,0,0,0,67.675,4.875
Missouri,29,Midwest,2007,0,0,0,0,0,0,0,0,0,0,67.4666666666667,5.08333333333333
Missouri,29,Midwest,2008,0,0,0,0,1,0,0,2,0,0,66.9916666666667,6.21666666666667
Missouri,29,Midwest,2009,0,0,0,0,1,0,0,2,0,0,66.4166666666667,9.025
Missouri,29,Midwest,2010,0,0,0,0,1,0,0,2,0,1,65.725,9.50833333333333
Missouri,29,Midwest,2011,0,0,0,0,1,0,0,2,0,1,65.2333333333333,8.64166666666667
Missouri,29,Midwest,2012,0,0,0,0,1,0,0,0,0,1,64.3333333333333,7.19166666666667
Missouri,29,Midwest,2013,0,0,0,0,1,0,0,0,0,1,64.2166666666667,6.775
Missouri,29,Midwest,2014,0,0,0,0,1,0,0,0,0,1,64.4083333333333,6.15
Missouri,29,Midwest,2015,0,0,0,0,1,0,0,0,0,0,64.575,5.10833333333333
Missouri,29,Midwest,2016,0,0,0,0,1,0,0,0,0,0,64.6166666666667,4.55
Montana,30,West,2006,0,0,0,0,0,0,0,0,0,0,66.95,3.34166666666667
Montana,30,West,2007,0,0,0,0,0,0,0,0,0,0,67.3166666666667,3.35833333333333
Montana,30,West,2008,0,0,0,0,0,0,0,0,0,0,67.3916666666667,4.725
Montana,30,West,2009,0,0,0,0,0,0,0,0,0,0,65.5416666666667,7.11666666666667
Montana,30,West,2010,0,0,0,0,0,0,0,0,0,1,64.45,7.18333333333333
Montana,30,West,2011,0,0,0,0,0,0,0,0,0,1,63.8583333333333,6.625
Montana,30,West,2012,0,0,0,0,0,0,0,0,0,1,64.0333333333334,5.8
Montana,30,West,2013,0,0,0,0,0,0,0,0,0,1,63.95,5.34166666666667
Montana,30,West,2014,0,0,0,0,0,0,0,0,0,1,63.55,4.66666666666667
Montana,30,West,2015,0,0,0,0,0,0,0,0,0,0,63.5583333333333,4.29166666666667
Montana,30,West,2016,0,0,0,0,0,0,0,0,0,0,63.325,4.325
Nebraska,31,Midwest,2006,0,1,0,0,0,0,0,0,0,0,72.85,3.04166666666667
Nebraska,31,Midwest,2007,0,1,0,0,0,0,0,0,0,0,72.9333333333333,2.925
Nebraska,31,Midwest,2008,0,1,0,0,0,0,0,0,0,0,73.0416666666667,3.25833333333333
Nebraska,31,Midwest,2009,0,1,0,0,1,0,0,0,0,0,72.4833333333333,4.65833333333333
Nebraska,31,Midwest,2010,0,1,0,0,1,0,0,0,0,1,71.5583333333333,4.7
Nebraska,31,Midwest,2011,0,1,0,0,1,0,0,0,0,1,71.6666666666667,4.4
Nebraska,31,Midwest,2012,0,1,0,0,1,0,0,0,0,1,71.8083333333333,3.88333333333333
Nebraska,31,Midwest,2013,0,1,0,0,1,0,0,0,0,1,71.45,3.675
Nebraska,31,Midwest,2014,0,1,0,0,1,0,0,0,0,1,70.7333333333333,3.25
Nebraska,31,Midwest,2015,0,1,0,0,1,0,0,0,0,0,70.225,2.98333333333333
Nebraska,31,Midwest,2016,0,1,0,0,1,0,0,0,0,0,69.9416666666667,3.06666666666667
Nevada,32,West,2006,0,0,0,0,0,0,0,0,0,0,68.5666666666667,4.06666666666667
Nevada,32,West,2007,0,0,0,0,0,0,0,0,0,0,69.3583333333333,4.59166666666667
Nevada,32,West,2008,0,0,0,0,0,0,0,0,2,0,69.4583333333333,6.88333333333333
Nevada,32,West,2009,0,0,0,0,0,0,0,0,2,0,68.4166666666667,11.725
Nevada,32,West,2010,0,0,0,0,0,0,0,0,2,1,65.8916666666667,13.7333333333333
Nevada,32,West,2011,0,0,0,0,0,0,0,0,2,1,65.0083333333333,13.3166666666667
Nevada,32,West,2012,0,0,0,0,0,0,0,0,2,1,64.375,11.6083333333333
Nevada,32,West,2013,1,0,0,0,0,0,0,0,2,1,63.6333333333334,9.96666666666667
Nevada,32,West,2014,1,0,0,0,0,0,0,0,2,1,62.9583333333333,8.15833333333333
Nevada,32,West,2015,1,0,0,0,0,0,0,0,2,0,62.4916666666667,6.85
Nevada,32,West,2016,1,0,0,0,0,0,0,0,2,0,62.0583333333333,5.80833333333333
New Hampshire,33,Northeast,2006,0,0,0,0,0,0,0,0,0,0,70.9333333333333,3.53333333333333
New Hampshire,33,Northeast,2007,0,0,0,0,0,0,0,1,0,0,70.7666666666667,3.525
New Hampshire,33,Northeast,2008,0,0,0,0,0,0,0,1,0,0,70.6833333333334,3.76666666666667
New Hampshire,33,Northeast,2009,0,0,0,0,0,0,0,1,0,0,69.9666666666667,6.14166666666667
New Hampshire,33,Northeast,2010,0,0,0,0,0,0,0,1,0,0,70.05,6.08333333333333
New Hampshire,33,Northeast,2011,0,0,0,0,0,0,0,0,0,0,69.4916666666667,5.45
New Hampshire,33,Northeast,2012,0,0,0,0,0,0,0,0,0,1,69.325,5.46666666666667
New Hampshire,33,Northeast,2013,0,0,0,0,0,0,0,0,0,1,69.1,5.25
New Hampshire,33,Northeast,2014,0,0,0,0,0,0,0,0,0,1,68.6666666666667,4.325
New Hampshire,33,Northeast,2015,0,0,0,0,0,0,0,0,0,0,68.5,3.39166666666667
New Hampshire,33,Northeast,2016,0,0,0,0,0,0,0,0,0,0,68.55,2.88333333333333
New Jersey,34,Northeast,2006,0,0,0,0,0,0,0,0,0,0,66.6416666666667,4.61666666666667
New Jersey,34,Northeast,2007,0,0,0,0,0,0,0,0,0,0,66.35,4.20833333333333
New Jersey,34,Northeast,2008,0,0,0,0,0,0,0,0,1,0,66.875,5.45
New Jersey,34,Northeast,2009,0,0,0,0,0,0,0,0,1,0,67.1083333333333,8.93333333333333
New Jersey,34,Northeast,2010,0,0,0,0,0,0,0,0,1,0,66.4583333333333,9.65833333333333
New Jersey,34,Northeast,2011,0,0,0,0,0,0,0,0,1,0,65.9583333333333,9.375
New Jersey,34,Northeast,2012,0,0,0,0,0,0,0,0,1,1,65.8916666666667,9.38333333333333
New Jersey,34,Northeast,2013,0,1,0,0,0,0,0,0,1,1,64.925,8.375
New Jersey,34,Northeast,2014,0,1,0,0,0,0,0,0,1,1,64.2416666666667,6.73333333333333
New Jersey,34,Northeast,2015,0,1,0,0,0,0,0,0,1,0,64.0916666666667,5.7
New Jersey,34,Northeast,2016,0,1,0,0,0,0,0,0,1,0,63.9166666666667,4.94166666666667
New Mexico,35,West,2006,1,1,1,0,0,0,0,0,0,0,62.5666666666667,4.23333333333333
New Mexico,35,West,2007,1,1,1,0,0,0,0,0,2,0,62.075,3.59166666666667
New Mexico,35,West,2008,1,1,1,0,0,0,0,0,2,0,62.2916666666667,4.3
New Mexico,35,West,2009,1,1,1,0,0,0,0,0,2,1,61.2416666666667,7.05
New Mexico,35,West,2010,1,1,1,0,0,0,0,0,2,1,59.5583333333333,7.775
New Mexico,35,West,2011,1,1,1,0,0,0,0,0,2,1,58.425,7.21666666666667
New Mexico,35,West,2012,1,1,1,0,0,0,0,0,2,1,58.2916666666667,6.96666666666667
New Mexico,35,West,2013,1,1,1,0,0,0,0,0,0,1,58.0583333333333,6.90833333333333
New Mexico,35,West,2014,1,1,1,0,0,0,0,0,0,1,58.0833333333333,6.59166666666667
New Mexico,35,West,2015,1,1,1,0,0,0,0,0,0,0,58.2583333333334,6.6
New Mexico,35,West,2016,1,1,1,0,0,0,0,0,0,0,58.3833333333333,6.75
New York,36,Northeast,2006,0,1,0,0,0,0,0,0,0,0,63.0583333333333,4.53333333333333
New York,36,Northeast,2007,0,1,0,0,0,0,0,0,0,0,62.6083333333333,4.43333333333333
New York,36,Northeast,2008,0,1,0,0,0,0,0,0,0,0,63.1333333333333,5.40833333333333
New York,36,Northeast,2009,0,1,0,0,0,0,0,0,0,0,62.9583333333333,8.36666666666667
New York,36,Northeast,2010,0,1,0,0,0,0,0,0,0,0,62.6,8.71666666666667
New York,36,Northeast,2011,0,1,0,0,0,0,0,0,0,1,61.6333333333333,8.35833333333333
New York,36,Northeast,2012,0,1,0,0,0,0,0,0,0,1,61.7,8.625
New York,36,Northeast,2013,0,1,0,0,0,0,0,0,0,1,61.6166666666667,7.79166666666667
New York,36,Northeast,2014,0,1,0,0,0,0,0,0,0,1,60.725,6.29166666666667
New York,36,Northeast,2015,0,1,0,0,0,0,0,0,0,0,60.675,5.23333333333333
New York,36,Northeast,2016,0,1,0,0,0,0,0,0,0,0,60.5833333333333,4.875
North Carolina,37,South,2006,0,0,0,0,0,0,0,0,1,0,66.3583333333333,5.13333333333333
North Carolina,37,South,2007,0,0,0,0,0,0,0,0,1,0,65.8416666666667,5.09166666666667
North Carolina,37,South,2008,0,0,0,0,0,0,0,1,1,1,65.3083333333334,6.20833333333333
North Carolina,37,South,2009,0,0,0,0,0,0,0,1,1,1,64.8333333333333,11.0333333333333
North Carolina,37,South,2010,0,0,0,0,0,0,0,1,1,1,63.5,10.7166666666667
North Carolina,37,South,2011,0,0,0,0,2,0,0,1,1,1,62.8166666666667,10.2333333333333
North Carolina,37,South,2012,0,0,0,0,2,0,0,1,1,1,62.8833333333333,9.51666666666667
North Carolina,37,South,2013,0,0,0,0,2,0,0,0,1,1,61.8916666666667,7.73333333333333
North Carolina,37,South,2014,0,0,0,0,2,0,0,0,1,1,61.1,6.10833333333333
North Carolina,37,South,2015,0,0,0,0,2,0,0,0,1,0,61.1333333333333,5.65833333333333
North Carolina,37,South,2016,0,0,0,0,2,0,0,0,1,0,61.2416666666667,5.1
North Dakota,38,Midwest,2006,0,0,0,0,0,0,0,0,0,0,73.425,3.1
North Dakota,38,Midwest,2007,0,0,0,0,0,0,0,0,0,0,74.1333333333333,3.01666666666667
North Dakota,38,Midwest,2008,0,0,0,0,0,0,0,0,0,0,74.5333333333334,3.10833333333333
North Dakota,38,Midwest,2009,0,0,0,0,0,0,0,0,0,0,73.5333333333333,3.91666666666667
North Dakota,38,Midwest,2010,0,0,0,0,0,0,0,0,0,0,72.7583333333333,3.69166666666667
North Dakota,38,Midwest,2011,0,0,0,0,0,0,0,0,0,0,72.6333333333333,3.35833333333333
North Dakota,38,Midwest,2012,0,0,0,0,0,0,0,0,0,1,72.6333333333333,2.93333333333333
North Dakota,38,Midwest,2013,0,0,0,0,0,0,0,0,0,1,71.875,2.89166666666667
North Dakota,38,Midwest,2014,0,0,0,0,0,0,0,0,0,1,71.8,2.61666666666667
North Dakota,38,Midwest,2015,0,0,0,0,0,0,0,0,0,0,70.8333333333333,2.78333333333333
North Dakota,38,Midwest,2016,0,0,0,0,0,0,0,0,0,0,70.875,3.1
Ohio,39,Midwest,2006,0,0,0,0,0,0,0,0,0,0,67.2333333333334,5.41666666666667
Ohio,39,Midwest,2007,0,0,0,0,0,0,0,0,0,0,67.6083333333333,5.60833333333333
Ohio,39,Midwest,2008,0,0,0,0,0,0,0,0,0,0,67.225,6.6
Ohio,39,Midwest,2009,0,0,0,0,0,0,0,0,0,0,65.9583333333334,10.1416666666667
Ohio,39,Midwest,2010,0,0,0,0,0,0,0,0,0,1,65.4416666666667,10.2666666666667
Ohio,39,Midwest,2011,0,0,0,0,0,0,0,0,0,1,64.1833333333333,8.81666666666667
Ohio,39,Midwest,2012,0,0,0,0,0,0,0,0,0,1,63.3083333333333,7.40833333333333
Ohio,39,Midwest,2013,0,0,0,0,0,0,0,0,0,1,62.9916666666667,7.45833333333333
Ohio,39,Midwest,2014,0,0,0,0,0,0,0,0,0,1,62.8,5.8
Ohio,39,Midwest,2015,0,0,0,0,0,0,0,0,0,0,62.5833333333333,4.95
Ohio,39,Midwest,2016,0,0,0,0,0,0,0,0,0,0,62.8416666666667,5.075
Oklahoma,40,South,2006,0,1,1,0,0,0,0,0,0,0,63.7416666666667,3.91666666666667
Oklahoma,40,South,2007,0,1,1,0,0,0,0,0,0,0,63.45,3.96666666666667
Oklahoma,40,South,2008,0,1,1,0,1,0,0,0,0,0,63.4583333333334,3.61666666666667
Oklahoma,40,South,2009,0,1,1,0,1,0,0,0,0,1,63.8,6.55833333333333
Oklahoma,40,South,2010,0,1,1,0,2,0,0,0,0,1,62.3,6.5
Oklahoma,40,South,2011,0,1,1,0,2,0,0,0,0,1,61.625,5.59166666666667
Oklahoma,40,South,2012,0,1,1,0,2,0,0,0,0,1,62.0333333333333,5.11666666666667
Oklahoma,40,South,2013,0,1,1,0,2,0,0,0,0,1,61.625,5.11666666666667
Oklahoma,40,South,2014,0,1,1,0,2,0,0,0,0,1,61.05,4.33333333333333
Oklahoma,40,South,2015,0,1,1,0,2,0,0,0,0,0,61.5583333333333,4.29166666666667
Oklahoma,40,South,2016,0,1,1,0,2,0,0,0,0,0,61.125,4.65833333333333
Oregon,41,West,2006,0,0,0,0,0,0,0,0,0,0,65.4166666666667,5.39166666666667
Oregon,41,West,2007,0,0,0,0,0,0,0,0,0,0,65.3166666666667,5.15833333333333
Oregon,41,West,2008,0,0,0,0,0,0,0,0,0,0,65.5666666666667,6.275
Oregon,41,West,2009,0,0,0,0,0,0,0,0,0,0,65.4583333333333,10.7916666666667
Oregon,41,West,2010,0,0,0,0,0,0,0,0,0,1,65.6166666666667,10.6916666666667
Oregon,41,West,2011,0,0,0,0,0,0,0,0,0,1,65.0666666666667,9.60833333333333
Oregon,41,West,2012,0,0,0,0,0,0,0,0,0,1,63.4333333333333,8.80833333333333
Oregon,41,West,2013,1,1,0,0,0,0,0,0,0,1,61.5833333333333,7.75
Oregon,41,West,2014,0,1,0,0,0,0,0,0,0,1,61.6083333333333,6.64166666666667
Oregon,41,West,2015,0,1,1,0,0,0,0,0,0,0,61.5833333333334,5.46666666666667
Oregon,41,West,2016,0,1,1,0,0,0,0,0,0,0,62.2916666666667,4.75
Pennsylvania,42,Northeast,2006,0,0,0,0,0,0,0,0,0,0,64.4666666666667,4.70833333333333
Pennsylvania,42,Northeast,2007,0,0,0,0,0,0,0,0,0,0,64.5666666666667,4.55833333333333
Pennsylvania,42,Northeast,2008,0,0,0,0,0,0,0,0,0,1,65.1333333333333,5.35
Pennsylvania,42,Northeast,2009,0,0,0,0,0,0,0,0,0,1,64.425,7.975
Pennsylvania,42,Northeast,2010,0,0,0,0,0,0,0,0,0,1,63.2916666666667,8.16666666666667
Pennsylvania,42,Northeast,2011,0,0,0,0,0,0,0,0,0,1,63.05,7.74166666666667
Pennsylvania,42,Northeast,2012,0,0,0,0,1,0,0,0,0,1,63.5083333333334,7.65833333333333
Pennsylvania,42,Northeast,2013,0,0,0,0,1,0,0,0,0,1,63.0666666666667,7.1
Pennsylvania,42,Northeast,2014,0,0,0,0,1,0,0,0,0,1,62.6083333333333,5.93333333333333
Pennsylvania,42,Northeast,2015,0,0,0,0,1,0,0,0,0,0,62.875,5.39166666666667
Pennsylvania,42,Northeast,2016,0,0,0,0,1,0,0,0,0,0,63.1166666666667,5.34166666666667
Rhode Island,44,Northeast,2006,0,0,0,0,0,0,0,0,0,0,68.2416666666667,5.21666666666667
Rhode Island,44,Northeast,2007,0,0,0,0,0,0,0,0,0,0,68.1833333333334,5.10833333333333
Rhode Island,44,Northeast,2008,0,0,0,0,1,0,0,0,0,0,67.8,7.6
Rhode Island,44,Northeast,2009,0,0,0,0,1,0,0,1,0,0,67.8666666666667,11.3916666666667
Rhode Island,44,Northeast,2010,0,0,0,0,1,0,0,1,0,0,67.7833333333333,11.625
Rhode Island,44,Northeast,2011,0,1,0,0,0,0,0,0,0,1,66.55,11.0166666666667
Rhode Island,44,Northeast,2012,0,1,0,0,0,0,0,0,0,1,66.075,10.2166666666667
Rhode Island,44,Northeast,2013,0,1,0,0,0,0,0,0,0,1,65.675,9.475
Rhode Island,44,Northeast,2014,0,1,0,0,0,0,0,0,0,1,65.2333333333334,7.76666666666667
Rhode Island,44,Northeast,2015,0,1,0,0,0,0,0,0,0,0,64.875,6.025
Rhode Island,44,Northeast,2016,0,1,0,0,0,0,0,0,0,0,64.5,5.24166666666667
South Carolina,45,South,2006,0,0,0,0,0,0,0,0,0,0,65,6.875
South Carolina,45,South,2007,0,0,0,0,0,0,0,0,0,0,63.875,6.06666666666667
South Carolina,45,South,2008,0,0,0,1,1,0,0,0,0,0,62.8083333333333,7.29166666666667
South Carolina,45,South,2009,0,0,0,1,1,0,0,0,1,0,62.1,11.4083333333333
South Carolina,45,South,2010,0,0,0,1,1,0,0,0,1,1,61,11.3
South Carolina,45,South,2011,0,0,0,1,2,0,1,0,1,1,60.4916666666667,10.45
South Carolina,45,South,2012,0,0,0,1,2,0,1,0,1,1,59.925,9.03333333333333
South Carolina,45,South,2013,0,0,0,1,2,0,1,0,1,1,59.35,7.425
South Carolina,45,South,2014,0,0,0,1,2,0,1,0,1,1,59.125,6.275
South Carolina,45,South,2015,0,0,0,1,2,0,1,0,1,0,59.3416666666667,5.9
South Carolina,45,South,2016,0,0,0,1,2,0,1,0,1,0,58.7916666666667,4.91666666666667
South Dakota,46,Midwest,2006,0,0,0,0,0,0,0,0,0,0,72.4666666666667,3
South Dakota,46,Midwest,2007,0,0,0,0,0,0,0,0,0,0,72.1583333333333,2.825
South Dakota,46,Midwest,2008,0,0,0,0,0,0,0,0,0,0,71.8416666666667,3.08333333333333
South Dakota,46,Midwest,2009,0,0,0,0,0,0,0,0,0,0,71.4833333333333,4.58333333333333
South Dakota,46,Midwest,2010,0,0,0,0,0,0,0,0,0,1,71.625,4.90833333333333
South Dakota,46,Midwest,2011,0,0,0,0,0,0,0,0,0,1,71.4666666666667,4.6
South Dakota,46,Midwest,2012,0,0,0,0,0,0,0,0,0,1,70.7666666666667,4.05833333333333
South Dakota,46,Midwest,2013,0,0,0,0,0,0,0,0,0,1,70.075,3.7
South Dakota,46,Midwest,2014,0,0,0,0,0,0,0,0,0,1,70.025,3.33333333333333
South Dakota,46,Midwest,2015,0,0,0,0,0,0,0,0,0,0,69.8916666666667,3.05
South Dakota,46,Midwest,2016,0,0,0,0,0,0,0,0,0,0,69.5083333333334,3.01666666666667
Tennessee,47,South,2006,0,0,0,0,0,0,0,0,0,0,64.2166666666667,5.275
Tennessee,47,South,2007,0,0,0,0,0,0,0,0,0,0,63.9333333333333,4.63333333333333
Tennessee,47,South,2008,0,0,0,0,0,0,0,2,0,0,63.4916666666667,6.51666666666667
Tennessee,47,South,2009,0,0,0,0,0,0,0,2,1,0,62.3083333333333,10.1166666666667
Tennessee,47,South,2010,0,0,0,0,0,0,0,2,1,1,62.8083333333333,9.825
Tennessee,47,South,2011,0,0,0,0,2,0,0,2,1,1,62.6833333333333,9.10833333333333
Tennessee,47,South,2012,0,0,0,0,2,0,0,2,0,1,61.6833333333334,7.95833333333333
Tennessee,47,South,2013,0,0,0,0,2,0,0,0,0,1,60.8083333333333,7.725
Tennessee,47,South,2014,0,0,0,0,2,0,0,0,0,1,59.5666666666667,6.6
Tennessee,47,South,2015,0,0,0,0,2,0,0,0,0,0,59.6,5.56666666666667
Tennessee,47,South,2016,0,0,0,0,2,0,0,0,0,0,60.1666666666667,4.75833333333333
Texas,48,South,2006,0,1,1,0,0,0,0,0,0,0,66.675,5
Texas,48,South,2007,0,1,1,0,0,0,0,0,0,0,65.7916666666667,4.36666666666667
Texas,48,South,2008,0,1,1,0,0,0,0,0,1,1,65.8333333333333,4.86666666666667
Texas,48,South,2009,0,1,1,0,0,0,0,0,1,1,66.05,7.54166666666667
Texas,48,South,2010,0,1,1,0,0,0,0,0,1,1,66.025,8.19166666666667
Texas,48,South,2011,0,1,1,0,0,0,0,0,1,1,65.9083333333333,8.01666666666667
Texas,48,South,2012,0,1,1,0,0,0,0,0,1,1,65.4083333333333,6.70833333333333
Texas,48,South,2013,0,1,1,0,0,0,0,0,1,1,65.2,6.3
Texas,48,South,2014,0,1,1,0,1,0,0,0,1,1,64.75,5.19166666666667
Texas,48,South,2015,0,1,1,0,1,0,0,0,1,0,63.85,4.48333333333333
Texas,48,South,2016,0,1,1,0,1,0,0,0,1,0,63.85,4.65
Utah,49,West,2006,1,1,0,0,0,0,0,0,0,0,72.625,2.86666666666667
Utah,49,West,2007,1,1,0,0,0,0,0,0,0,0,72.9166666666666,2.55833333333333
Utah,49,West,2008,1,1,0,0,1,0,0,0,0,0,71.65,3.34166666666667
Utah,49,West,2009,1,1,0,0,1,0,0,0,0,0,69.6916666666667,7.25833333333333
Utah,49,West,2010,1,1,0,0,2,0,0,0,0,1,68.5166666666667,7.93333333333333
Utah,49,West,2011,1,1,0,0,2,0,1,0,0,1,67.375,7.05833333333333
Utah,49,West,2012,1,1,0,0,2,0,1,0,0,1,66.575,4.775
Utah,49,West,2013,1,1,0,0,2,0,1,0,0,1,67.1916666666667,4.20833333333333
Utah,49,West,2014,1,1,0,0,2,0,1,0,0,1,67.45,3.63333333333333
Utah,49,West,2015,1,1,0,0,2,0,1,0,0,0,67.8833333333333,3.50833333333333
Utah,49,West,2016,1,1,0,0,2,0,1,0,0,0,68.3916666666667,3.35
Vermont,50,Northeast,2006,0,0,0,0,0,0,0,0,0,0,71.1583333333333,3.71666666666667
Vermont,50,Northeast,2007,0,0,0,0,0,0,0,0,0,0,70.35,3.94166666666667
Vermont,50,Northeast,2008,0,0,0,0,0,0,0,0,0,0,70.125,4.56666666666667
Vermont,50,Northeast,2009,0,0,0,0,0,0,0,0,0,0,70.8583333333333,6.16666666666667
Vermont,50,Northeast,2010,0,0,0,0,0,0,0,0,0,0,70.8333333333334,6.31666666666667
Vermont,50,Northeast,2011,0,0,0,0,0,0,0,0,0,0,70.1,5.56666666666667
Vermont,50,Northeast,2012,0,0,0,0,0,0,0,0,0,1,69.1916666666667,4.81666666666667
Vermont,50,Northeast,2013,1,0,0,0,0,0,0,0,0,1,68.3,4.41666666666667
Vermont,50,Northeast,2014,1,0,0,0,0,0,0,0,0,1,67.9,3.99166666666667
Vermont,50,Northeast,2015,1,0,0,0,0,0,0,0,0,0,67.3083333333333,3.53333333333333
Vermont,50,Northeast,2016,1,0,0,0,0,0,0,0,0,0,67.0916666666667,3.125
Virginia,51,South,2006,0,0,0,0,0,0,0,0,0,0,68.6833333333333,3.34166666666667
Virginia,51,South,2007,0,0,0,0,0,0,0,0,1,0,68.95,3.28333333333333
Virginia,51,South,2008,0,0,0,0,0,0,0,1,1,0,69.6583333333333,4.275
Virginia,51,South,2009,0,0,0,0,0,0,0,1,1,1,68.9416666666667,6.83333333333334
Virginia,51,South,2010,0,0,0,0,1,0,0,1,1,1,67.7666666666667,7.29166666666667
Virginia,51,South,2011,0,0,0,0,1,0,0,1,1,1,67.3583333333333,6.54166666666667
Virginia,51,South,2012,0,0,0,0,1,0,0,1,1,1,66.75,5.95
Virginia,51,South,2013,0,0,0,0,1,0,0,0,1,1,66.425,5.55
Virginia,51,South,2014,0,1,0,0,1,0,0,0,1,1,66.1,5.11666666666667
Virginia,51,South,2015,0,1,0,0,1,0,0,0,1,0,65.175,4.36666666666667
Virginia,51,South,2016,0,1,0,0,1,0,0,0,1,0,65.025,4
Washington,53,West,2006,1,1,0,0,0,0,0,0,0,0,67.7416666666667,5
Washington,53,West,2007,1,1,0,0,0,0,0,0,0,0,67.9666666666667,4.6
Washington,53,West,2008,1,1,0,0,0,0,0,0,0,0,68.275,5.29166666666667
Washington,53,West,2009,1,1,0,0,0,0,0,0,0,0,66.95,8.26666666666667
Washington,53,West,2010,1,1,0,0,0,0,0,0,0,0,65.9,9.13333333333333
Washington,53,West,2011,1,1,0,0,0,0,0,0,0,1,64.7416666666667,8.525
Washington,53,West,2012,1,1,0,0,0,0,0,0,0,1,64.45,7.64166666666667
Washington,53,West,2013,1,1,0,0,0,0,0,0,0,1,63.6,6.63333333333333
Washington,53,West,2014,1,1,1,0,0,0,0,0,0,1,63.2666666666667,5.925
Washington,53,West,2015,1,1,1,0,0,0,0,0,0,0,63.2666666666667,5.43333333333333
Washington,53,West,2016,1,1,1,0,0,0,0,0,0,0,63.6666666666667,5.225
West Virginia,54,South,2006,0,0,0,0,0,0,0,0,0,0,55.8833333333333,5.2
West Virginia,54,South,2007,0,0,0,0,0,0,0,0,0,0,55.675,4.825
West Virginia,54,South,2008,0,0,0,0,0,0,0,0,0,0,55.6666666666667,4.75
West Virginia,54,South,2009,0,0,0,0,0,0,0,0,0,0,55.8333333333333,8.3
West Virginia,54,South,2010,0,0,0,0,0,0,0,0,0,1,54.8583333333333,8.63333333333333
West Virginia,54,South,2011,0,0,0,0,0,0,0,0,0,1,54.25,7.825
West Virginia,54,South,2012,0,0,0,0,1,0,0,0,0,1,54.3083333333333,7.25833333333333
West Virginia,54,South,2013,0,0,0,0,1,0,0,0,0,1,53.7833333333333,6.71666666666667
West Virginia,54,South,2014,0,0,0,0,1,0,0,0,0,1,53.575,6.5
West Virginia,54,South,2015,0,0,0,0,1,0,0,0,0,0,53.4666666666667,6.58333333333334
West Virginia,54,South,2016,0,0,0,0,1,0,0,0,0,0,53.2583333333334,6.09166666666667
Wisconsin,55,Midwest,2006,0,0,0,0,0,0,0,0,0,0,70.9166666666667,4.675
Wisconsin,55,Midwest,2007,0,0,0,0,0,0,0,0,0,0,70.85,4.825
Wisconsin,55,Midwest,2008,0,0,0,0,0,0,0,0,0,0,70.625,4.98333333333333
Wisconsin,55,Midwest,2009,0,1,0,0,0,0,0,0,0,0,70.4833333333333,8.95833333333333
Wisconsin,55,Midwest,2010,0,1,0,0,0,0,0,0,0,0,69.5083333333334,8.5
Wisconsin,55,Midwest,2011,0,1,0,0,0,0,0,0,0,1,68.9,7.53333333333333
Wisconsin,55,Midwest,2012,0,0,0,0,0,0,0,0,0,1,68.525,6.925
Wisconsin,55,Midwest,2013,0,0,0,0,0,0,0,0,0,1,68.3083333333333,6.64166666666667
Wisconsin,55,Midwest,2014,0,0,0,0,0,0,0,0,0,1,67.9916666666667,5.35
Wisconsin,55,Midwest,2015,0,0,0,0,0,0,0,0,0,0,67.8416666666667,4.425
Wisconsin,55,Midwest,2016,0,0,0,0,0,0,0,0,0,0,68.125,3.90833333333333
Wyoming,56,West,2006,0,0,0,0,0,0,0,0,0,0,71.9166666666667,3.00833333333333
Wyoming,56,West,2007,0,0,0,0,0,0,0,0,0,0,72.1,2.69166666666667
Wyoming,56,West,2008,0,0,0,0,0,0,0,0,0,0,72.1833333333333,2.93333333333333
Wyoming,56,West,2009,0,0,0,0,0,0,0,0,0,0,71.7416666666667,6.25833333333333
Wyoming,56,West,2010,0,0,0,0,0,0,0,0,0,0,70.075,6.94166666666667
Wyoming,56,West,2011,0,0,0,0,0,0,0,0,0,1,69.275,6.13333333333333
Wyoming,56,West,2012,0,0,0,0,0,0,0,0,0,1,68.425,5.5
Wyoming,56,West,2013,0,0,0,0,0,0,0,0,0,1,67.3666666666667,4.73333333333333
Wyoming,56,West,2014,0,0,0,0,0,0,0,0,0,1,67.3583333333333,4.34166666666667
Wyoming,56,West,2015,0,0,0,0,0,0,0,0,0,0,66.8333333333333,4.20833333333333
Wyoming,56,West,2016,0,0,0,0,0,0,0,0,0,0,66.6166666666667,5.33333333333333
